,A,B,C,mean_mse,mean_rmse
0,1,4,1,0.1808826988468108,0.3965529030788735
0,1,4,2,0.24716829514257221,0.4642644509450331
0,1,3,1,0.26216848505202883,0.4780227775864894
0,1,3,2,0.33943182410103684,0.5447478228645453
0,2,4,1,0.3737518725789662,0.5681784428985542
0,2,4,2,0.4143487796865974,0.60223829377832
0,2,3,1,0.5116032025609725,0.6658827587066483
0,2,3,2,0.5464151720512732,0.6927327033262601
